settlement_date,region,fuel_source,total_mw
2026/07/27 21:25:00,NSW1,Bagasse,49.009
2026/07/27 21:25:00,NSW1,Battery Storage,79.827
2026/07/27 21:25:00,NSW1,Black Coal,7011.466
2026/07/27 21:25:00,NSW1,Diesel,0.0
2026/07/27 21:25:00,NSW1,Hydro,864.483
2026/07/27 21:25:00,NSW1,Natural Gas,231.572
2026/07/27 21:25:00,NSW1,Natural Gas / Diesel,62.32
2026/07/27 21:25:00,NSW1,Solar,-0.261
2026/07/27 21:25:00,NSW1,Unknown,0.0
2026/07/27 21:25:00,NSW1,Wind,200.905
2026/07/27 21:25:00,QLD1,Bagasse,10.4
2026/07/27 21:25:00,QLD1,Bagasse / Diesel,10.3
2026/07/27 21:25:00,QLD1,Battery Storage,406.109
2026/07/27 21:25:00,QLD1,Black Coal,5700.619
2026/07/27 21:25:00,QLD1,Coal Seam Methane,0.524
2026/07/27 21:25:00,QLD1,Hydro,363.86
2026/07/27 21:25:00,QLD1,Kerosene,0.878
2026/07/27 21:25:00,QLD1,Natural Gas,654.035
2026/07/27 21:25:00,QLD1,Solar,0.01
2026/07/27 21:25:00,QLD1,Unknown,0.0
2026/07/27 21:25:00,QLD1,Waste Coal Mine Gas,47.541
2026/07/27 21:25:00,QLD1,Wind,768.181
2026/07/27 21:25:00,SA1,Battery Storage,-105.947
2026/07/27 21:25:00,SA1,Diesel,-0.2
2026/07/27 21:25:00,SA1,Natural Gas,43.463
2026/07/27 21:25:00,SA1,Natural Gas / Diesel,0.0
2026/07/27 21:25:00,SA1,Natural Gas / Fuel Oil,0.0
2026/07/27 21:25:00,SA1,Solar,0.0
2026/07/27 21:25:00,SA1,Wind,1789.404
2026/07/27 21:25:00,TAS1,Hydro,1089.059
2026/07/27 21:25:00,TAS1,Natural Gas,123.63
2026/07/27 21:25:00,TAS1,Wind,249.718
2026/07/27 21:25:00,VIC1,Battery Storage,154.716
2026/07/27 21:25:00,VIC1,Brown Coal,4356.688
2026/07/27 21:25:00,VIC1,Hydro,76.93
2026/07/27 21:25:00,VIC1,Natural Gas,0.0
2026/07/27 21:25:00,VIC1,Solar,0.0
2026/07/27 21:25:00,VIC1,Wind,3634.892
2026/07/27 23:25:00,NSW1,Bagasse,48.989
2026/07/27 23:25:00,NSW1,Battery Storage,47.269
2026/07/27 23:25:00,NSW1,Black Coal,6236.941
2026/07/27 23:25:00,NSW1,Diesel,0.0
2026/07/27 23:25:00,NSW1,Hydro,509.586
2026/07/27 23:25:00,NSW1,Natural Gas,45.33
2026/07/27 23:25:00,NSW1,Natural Gas / Diesel,0.0
2026/07/27 23:25:00,NSW1,Solar,-0.277
2026/07/27 23:25:00,NSW1,Unknown,0.0
2026/07/27 23:25:00,NSW1,Wind,394.318
2026/07/27 23:25:00,QLD1,Bagasse,10.9
2026/07/27 23:25:00,QLD1,Bagasse / Diesel,9.9
2026/07/27 23:25:00,QLD1,Battery Storage,-32.879
2026/07/27 23:25:00,QLD1,Black Coal,5492.256
2026/07/27 23:25:00,QLD1,Coal Seam Methane,0.524
2026/07/27 23:25:00,QLD1,Hydro,53.847
2026/07/27 23:25:00,QLD1,Kerosene,0.878
2026/07/27 23:25:00,QLD1,Natural Gas,522.427
2026/07/27 23:25:00,QLD1,Solar,0.01
2026/07/27 23:25:00,QLD1,Unknown,0.0
2026/07/27 23:25:00,QLD1,Waste Coal Mine Gas,42.103
2026/07/27 23:25:00,QLD1,Wind,713.149
2026/07/27 23:25:00,SA1,Battery Storage,-9.794
2026/07/27 23:25:00,SA1,Diesel,-0.2
2026/07/27 23:25:00,SA1,Natural Gas,42.792
2026/07/27 23:25:00,SA1,Natural Gas / Diesel,0.0
2026/07/27 23:25:00,SA1,Natural Gas / Fuel Oil,0.0
2026/07/27 23:25:00,SA1,Solar,0.0
2026/07/27 23:25:00,SA1,Wind,1923.805
2026/07/27 23:25:00,TAS1,Hydro,372.236
2026/07/27 23:25:00,TAS1,Natural Gas,124.05
2026/07/27 23:25:00,TAS1,Wind,399.891
2026/07/27 23:25:00,VIC1,Battery Storage,65.353
2026/07/27 23:25:00,VIC1,Brown Coal,3428.969
2026/07/27 23:25:00,VIC1,Hydro,33.01
2026/07/27 23:25:00,VIC1,Natural Gas,0.0
2026/07/27 23:25:00,VIC1,Solar,0.0
2026/07/27 23:25:00,VIC1,Wind,3538.515
2026/07/28 01:00:00,NSW1,Bagasse,48.95
2026/07/28 01:00:00,NSW1,Battery Storage,-48.003
2026/07/28 01:00:00,NSW1,Black Coal,5949.29
2026/07/28 01:00:00,NSW1,Diesel,0.0
2026/07/28 01:00:00,NSW1,Hydro,413.574
2026/07/28 01:00:00,NSW1,Natural Gas,45.35
2026/07/28 01:00:00,NSW1,Natural Gas / Diesel,110.643
2026/07/28 01:00:00,NSW1,Solar,-0.257
2026/07/28 01:00:00,NSW1,Unknown,0.0
2026/07/28 01:00:00,NSW1,Wind,528.716
2026/07/28 01:00:00,QLD1,Bagasse,11.1
2026/07/28 01:00:00,QLD1,Bagasse / Diesel,10.0
2026/07/28 01:00:00,QLD1,Battery Storage,-349.78
2026/07/28 01:00:00,QLD1,Black Coal,5328.377
2026/07/28 01:00:00,QLD1,Coal Seam Methane,0.524
2026/07/28 01:00:00,QLD1,Hydro,53.86
2026/07/28 01:00:00,QLD1,Kerosene,0.878
2026/07/28 01:00:00,QLD1,Natural Gas,144.468
2026/07/28 01:00:00,QLD1,Solar,0.01
2026/07/28 01:00:00,QLD1,Unknown,0.0
2026/07/28 01:00:00,QLD1,Waste Coal Mine Gas,39.45
2026/07/28 01:00:00,QLD1,Wind,893.74
2026/07/28 01:00:00,SA1,Battery Storage,-101.058
2026/07/28 01:00:00,SA1,Diesel,-0.1
2026/07/28 01:00:00,SA1,Natural Gas,43.463
2026/07/28 01:00:00,SA1,Natural Gas / Diesel,0.0
2026/07/28 01:00:00,SA1,Natural Gas / Fuel Oil,0.0
2026/07/28 01:00:00,SA1,Solar,0.0
2026/07/28 01:00:00,SA1,Wind,1901.956
2026/07/28 01:00:00,TAS1,Hydro,164.729
2026/07/28 01:00:00,TAS1,Natural Gas,123.93
2026/07/28 01:00:00,TAS1,Wind,474.293
2026/07/28 01:00:00,VIC1,Battery Storage,-194.769
2026/07/28 01:00:00,VIC1,Brown Coal,3342.344
2026/07/28 01:00:00,VIC1,Hydro,1.71
2026/07/28 01:00:00,VIC1,Natural Gas,0.0
2026/07/28 01:00:00,VIC1,Solar,0.0
2026/07/28 01:00:00,VIC1,Wind,3489.377
2026/07/28 01:50:00,NSW1,Bagasse,46.517
2026/07/28 01:50:00,NSW1,Battery Storage,-150.43
2026/07/28 01:50:00,NSW1,Black Coal,5627.971
2026/07/28 01:50:00,NSW1,Diesel,0.0
2026/07/28 01:50:00,NSW1,Hydro,345.246
2026/07/28 01:50:00,NSW1,Natural Gas,45.29
2026/07/28 01:50:00,NSW1,Natural Gas / Diesel,0.0
2026/07/28 01:50:00,NSW1,Solar,-0.274
2026/07/28 01:50:00,NSW1,Unknown,0.0
2026/07/28 01:50:00,NSW1,Wind,552.103
2026/07/28 01:50:00,QLD1,Bagasse,11.3
2026/07/28 01:50:00,QLD1,Bagasse / Diesel,10.0
2026/07/28 01:50:00,QLD1,Battery Storage,-233.194
2026/07/28 01:50:00,QLD1,Black Coal,5315.857
2026/07/28 01:50:00,QLD1,Coal Seam Methane,0.524
2026/07/28 01:50:00,QLD1,Hydro,53.89
2026/07/28 01:50:00,QLD1,Kerosene,0.878
2026/07/28 01:50:00,QLD1,Natural Gas,144.468
2026/07/28 01:50:00,QLD1,Solar,0.01
2026/07/28 01:50:00,QLD1,Unknown,0.0
2026/07/28 01:50:00,QLD1,Waste Coal Mine Gas,39.937
2026/07/28 01:50:00,QLD1,Wind,934.423
2026/07/28 01:50:00,SA1,Battery Storage,-133.582
2026/07/28 01:50:00,SA1,Diesel,-0.1
2026/07/28 01:50:00,SA1,Natural Gas,43.463
2026/07/28 01:50:00,SA1,Natural Gas / Diesel,0.0
2026/07/28 01:50:00,SA1,Natural Gas / Fuel Oil,0.0
2026/07/28 01:50:00,SA1,Solar,0.0
2026/07/28 01:50:00,SA1,Wind,1767.957
2026/07/28 01:50:00,TAS1,Hydro,164.379
2026/07/28 01:50:00,TAS1,Natural Gas,123.48
2026/07/28 01:50:00,TAS1,Wind,447.687
2026/07/28 01:50:00,VIC1,Battery Storage,-206.25
2026/07/28 01:50:00,VIC1,Brown Coal,3213.812
2026/07/28 01:50:00,VIC1,Hydro,1.71
2026/07/28 01:50:00,VIC1,Natural Gas,0.0
2026/07/28 01:50:00,VIC1,Solar,0.0
2026/07/28 01:50:00,VIC1,Wind,3485.493
